Id,lldpServiceEnabledIsError,ipSourceRoutingIsError,strongPasswordEnabledValue,aaaCommandAuthorizationIsApplicable,sshKeySizeIsApplicable,slibHost,slib,lastDataUpdateTime,snmpServiceEnabledIsError,isdeleted,ntpServerConfigurationIsApplicable,calculatedStatus,accountingConfigurationIsApplicable,ntpPeerConfigurationIsApplicable,ntpPeerConfigurationIsError,vtyLineExecTimeoutIsApplicable,authorizationConfigurationIsApplicable,remoteSyslogEnabledIsApplicable,vceSystemGeo,serialNum,authenticationStatusEnabledIsError,ipSourceRoutingIsApplicable,classification,vtyLineSessionLimitIsError,authenticationStatusEnabledIsApplicable,strongPasswordEnabledIsApplicable,vtyConsoleExecTimeoutValue,snmpReadWriteConfigurationIsError,sshKeySizeIsError,vtyLineExecTimeoutValue,absTimeToDelete,snmpReadOnlyConfigurationIsApplicable,bannerIsError,vceSystemBuilding,aaaCommandAuthorizationIsError,slibHostIp,vendor,ntpServerConfigurationIsError,systemType,memoryUtilization,ntpEnabledIsError,communicationSshEnabled,vceSystemSerialNo,snmpV3EnabledValue,switchOutOctets,isFRU,accountingConfigurationIsError,dataCenter,vceDisplayName,visionVersion,remoteSyslogEnabledIsError,modelName,firmwareRev,bannerValue,vceSystemTag,vtyLineSessionLimitValue,Label,cdpServiceEnabledIsApplicable,vceSystemModelName,sshKeySizeValue,processorUtilization,switchInOctets,authenticationConfigurationIsApplicable,ntpEnabledIsApplicable,parentRelPos,switchOutThroughput,ntpEnabledValue,authorizationConfigurationIsError,authenticationStatusEnabledValue,lldpServiceEnabledIsApplicable,snmpReadWriteConfigurationIsApplicable,containedIn,host,vtyConsoleExecTimeoutIsApplicable,softwareRev,cvmHostIp,cdpServiceEnabledValue,authenticationConfigurationIsError,cvmHost,ipAddress,snmpReadOnlyConfigurationIsError,switchInThroughput,strongPasswordEnabledIsError,fcoeServiceEnabledIsApplicable,vtyLineSessionLimitIsApplicable,hardwareRev,lastStatusChange,name,operStatus,snmpServiceEnabledValue,remoteSyslogEnabledValue,vendorType,switchType,ipSourceRoutingValue,bannerIsApplicable,vceSystemDescription,description,topComponentId,lldpServiceEnabledValue,vtyConsoleExecTimeoutIsError,unusedRouterInterfaceEnabledIsApplicable,cdpServiceEnabledIsError,accountingConfigurationValue,lastOperStatus,vtyLineExecTimeoutIsError,alias,communicationTelnetEnabled,ntpServerConfigurationValue,class,fcoeServiceEnabledIsError,authenticationConfigurationValue,snmpReadOnlyConfigurationValue,authorizationConfigurationValue,unusedRouterInterfaceEnabledIsError,assetID,communicationHttpEnabled,snmpServiceEnabledIsApplicable,time,properties,speed,adminStatus,mtu,portType,type,outputPower,ambientTempAvg,ambientTempMin,ambientTemp,inputVoltageAvg,inputVoltageMin,ambientTempMax,outputPowerAvg,outputPowerMin,outputCurrentMax,output12VoltageMax,output3VoltageAvg,output3VoltageMin,inputVoltage,outputCurrent,output3VoltageMax,power,output3Voltage,outputCurrentAvg,outputCurrentMin,inputVoltageMax,outputPowerMax,output12VoltageMin,output12VoltageAvg,output12Voltage,speedMax,speedAvg,speedMi
10.3.32.16,FALSE,FALSE,TRUE,TRUE,TRUE,hoc-vblk-vsn1.heartland.inc,TRUE,1481002028592,FALSE,false,TRUE,operable,TRUE,TRUE,FALSE,TRUE,TRUE,TRUE,Dubuque IA,JPG1949013M,FALSE,FALSE,COMPONENT,FALSE,TRUE,TRUE,0.0,FALSE,FALSE,0.0,1481607271494,TRUE,FALSE,Dubuque,FALSE,10.3.32.8,Cisco Systems Inc.,FALSE,VBLOCK,0.0,FALSE,TRUE,V76FN0516001,FALSE,37574190248.0,FALSE,FALSE,datacenter1,HOC-Vblk-MDS-01.heartland.inc,3.5.0.0,FALSE,DS-C9148S-K9,6.2(17),User Access Verification,VxB540,0.0,switch,TRUE,540w10T1,1024.0,0.0,28304088600.0,TRUE,TRUE,-1,82361020.408888891,TRUE,FALSE,TRUE,FALSE,TRUE,0,hoc-vblk-vsn1.heartland.inc,TRUE,6.2(17),10.3.32.10,TRUE,FALSE,hoc-vblk-vsn2.heartland.inc,10.3.32.16,FALSE,4792508.6577777779,FALSE,FALSE,TRUE,V01,2016-12-05T05:25:11.958Z,HOC-Vblk-MDS-01.heartland.inc,operable,TRUE,TRUE,cevContainerNexusLogicalFabric,MDS9k,0,TRUE,540w10T1 V76FN0516001,MDS9000,10.3.32.16,0,FALSE,TRUE,FALSE,default: local,notApplicable,FALSE,M9A,FALSE,10.3.0.100;10.6.0.100,stack,FALSE,default: local;console: local,1398bank,pki-ssh-cert: local;pki-ssh-pubkey: local,FALSE,73-15809-01,FALSE,TRUE,1481002200000,{},na,na,na,na,na,na,na,na,na,na,na,na,na,na,na,na,na,na,na,na,na,na,na,na,na,na,na,na,na,na,na,na,n
10.3.32.16-entPhysicalTable-149,na,na,na,na,na,hoc-vblk-vsn1.heartland.inc,TRUE,1481000947584,na,false,na,operable,na,na,na,na,na,na,Dubuque IA,JPG1949013M,na,na,na,na,na,na,na,na,na,na,1481605747584,na,na,Dubuque,na,10.3.32.8,Cisco Systems Inc.,na,VBLOCK,na,na,na,V76FN0516001,na,na,FALSE,na,datacenter1,10.3.32.16 MDS 9148S 16G 48 FC (1 Slot) Chassis,3.5.0.0,na,DS-C9148S-K9,na,na,VxB540,na,networkchassis,na,540w10T1,na,na,na,na,na,1,na,na,na,na,na,na,10,hoc-vblk-vsn1.heartland.inc,na,na,10.3.32.10,na,na,hoc-vblk-vsn2.heartland.inc,na,na,na,na,na,na,V01,2016-12-05T05:25:11.958Z,MDS 9148S 16G 48 FC (1 Slot) Chassis,operable,na,na,cevChassisDSC9148SK9,na,na,na,540w10T1 V76FN0516001,MDS 9148S 16G 48 FC (1 Slot) Chassis,10.3.32.16,na,na,na,na,na,notApplicable,na,na,na,na,chassis,na,na,na,na,na,73-15809-01,na,na,1480998563321,{},na,na,na,na,na,na,na,na,na,na,na,na,na,na,na,na,na,na,na,na,na,na,na,na,na,na,na,na,na,na,na,na,n
10.3.32.16-entPhysicalTable-214,na,na,na,na,na,hoc-vblk-vsn1.heartland.inc,TRUE,1481000947528,na,false,na,operable,na,na,na,na,na,na,Dubuque IA,na,na,na,na,na,na,na,na,na,na,na,1481605747528,na,na,Dubuque,na,10.3.32.8,Cisco Systems,na,VBLOCK,na,na,na,V76FN0516001,na,na,FALSE,na,datacenter1,10.3.32.16 SupSlot-1,3.5.0.0,na,ModuleSlot,na,na,VxB540,na,fixedslot,na,540w10T1,na,na,na,na,na,1,na,na,na,na,na,na,149,hoc-vblk-vsn1.heartland.inc,na,na,10.3.32.10,na,na,hoc-vblk-vsn2.heartland.inc,na,na,na,na,na,na,na,2016-12-05T05:25:11.958Z,SupSlot-1,operable,na,na,cevContainerSupFabricSlot,na,na,na,540w10T1 V76FN0516001,SupSlot-1,10.3.32.16,na,na,na,na,na,notApplicable,na,na,na,na,container,na,na,na,na,na,na,na,na,1480998563321,{},na,na,na,na,na,na,na,na,na,na,na,na,na,na,na,na,na,na,na,na,na,na,na,na,na,na,na,na,na,na,na,na,n
10.3.32.16-entPhysicalTable-22,na,na,na,na,na,hoc-vblk-vsn1.heartland.inc,TRUE,1481000947589,na,false,na,operable,na,na,na,na,na,na,Dubuque IA,JAE194705WQ,na,na,na,na,na,na,na,na,na,na,1481605747589,na,na,Dubuque,na,10.3.32.8,Cisco Systems Inc.,na,VBLOCK,na,na,na,V76FN0516001,na,na,TRUE,na,datacenter1,10.3.32.16 JAE194705WQ,3.5.0.0,na,DS-C9148S-K9-SUP,6.2(17),na,VxB540,na,fixedmodule,na,540w10T1,na,na,na,na,na,1,na,na,na,na,na,na,214,hoc-vblk-vsn1.heartland.inc,na,6.2(17),10.3.32.10,na,na,hoc-vblk-vsn2.heartland.inc,na,na,na,na,na,na,V01,2016-12-05T05:26:11.843Z,2/4/8/16 Gbps FC/Supervisor,operable,na,na,cevMDSDSC9148SK9SUP,na,na,na,540w10T1 V76FN0516001,2/4/8/16 Gbps FC/Supervisor,10.3.32.16,na,na,na,na,na,notApplicable,na,2/4/8/16 Gbps FC/Supervisor,na,na,module,na,na,na,na,na,73-15809-01,na,na,1480998563321,{},na,na,na,na,na,na,na,na,na,na,na,na,na,na,na,na,na,na,na,na,na,na,na,na,na,na,na,na,na,na,na,na,n
10.3.32.16-entPhysicalTable-4966,na,na,na,na,na,hoc-vblk-vsn1.heartland.inc,TRUE,1481000947512,na,false,na,operable,na,na,na,na,na,na,Dubuque IA,0,na,na,na,na,na,na,na,na,na,na,1481607271591,na,na,Dubuque,na,10.3.32.8,Cisco Systems,na,VBLOCK,na,na,na,V76FN0516001,na,na,na,na,datacenter1,10.3.32.16 Supervisor-1 Port-17,3.5.0.0,na,Sup-Port,0,na,VxB540,na,Port,na,540w10T1,na,na,na,na,na,na,na,na,na,na,na,na,na,hoc-vblk-vsn1.heartland.inc,na,0,10.3.32.10,na,na,hoc-vblk-vsn2.heartland.inc,na,na,na,na,na,na,0,2016-12-05T05:26:11.843Z,Supervisor-1 Port-17,inoperable,na,na,na,na,na,na,540w10T1 V76FN0516001,Supervisor-1 Port-17,10.3.32.16,na,na,na,na,na,notApplicable,na,SUPport,na,na,na,na,na,na,na,na,na,na,na,1481002200000,{},0.0,down,2112.0,fcport,na,na,na,na,na,na,na,na,na,na,na,na,na,na,na,na,na,na,na,na,na,na,na,na,na,na,na,na,n
10.3.32.16-entPhysicalTable-4989,na,na,na,na,na,hoc-vblk-vsn1.heartland.inc,TRUE,1481000947499,na,false,na,operable,na,na,na,na,na,na,Dubuque IA,0,na,na,na,na,na,na,na,na,na,na,1481607271685,na,na,Dubuque,na,10.3.32.8,Cisco Systems,na,VBLOCK,na,na,na,V76FN0516001,na,na,na,na,datacenter1,10.3.32.16 Supervisor-1 Port-40,3.5.0.0,na,Sup-Port,0,na,VxB540,na,Port,na,540w10T1,na,na,na,na,na,na,na,na,na,na,na,na,na,hoc-vblk-vsn1.heartland.inc,na,0,10.3.32.10,na,na,hoc-vblk-vsn2.heartland.inc,na,na,na,na,na,na,0,2016-12-05T05:26:11.843Z,Supervisor-1 Port-40,inoperable,na,na,na,na,na,na,540w10T1 V76FN0516001,Supervisor-1 Port-40,10.3.32.16,na,na,na,na,na,notApplicable,na,SUPport,na,na,na,na,na,na,na,na,na,na,na,1481002200000,{},0.0,down,2112.0,fcport,na,na,na,na,na,na,na,na,na,na,na,na,na,na,na,na,na,na,na,na,na,na,na,na,na,na,na,na,n
10.3.32.16-entPhysicalTable-4968,na,na,na,na,na,hoc-vblk-vsn1.heartland.inc,TRUE,1481000947495,na,false,na,operable,na,na,na,na,na,na,Dubuque IA,0,na,na,na,na,na,na,na,na,na,na,1481607271608,na,na,Dubuque,na,10.3.32.8,Cisco Systems,na,VBLOCK,na,na,na,V76FN0516001,na,na,na,na,datacenter1,10.3.32.16 Supervisor-1 Port-19,3.5.0.0,na,Sup-Port,0,na,VxB540,na,Port,na,540w10T1,na,na,na,na,na,na,na,na,na,na,na,na,na,hoc-vblk-vsn1.heartland.inc,na,0,10.3.32.10,na,na,hoc-vblk-vsn2.heartland.inc,na,na,na,na,na,na,0,2016-12-05T05:26:11.843Z,Supervisor-1 Port-19,inoperable,na,na,na,na,na,na,540w10T1 V76FN0516001,Supervisor-1 Port-19,10.3.32.16,na,na,na,na,na,notApplicable,na,SUPport,na,na,na,na,na,na,na,na,na,na,na,1481002200000,{},0.0,down,2112.0,fcport,na,na,na,na,na,na,na,na,na,na,na,na,na,na,na,na,na,na,na,na,na,na,na,na,na,na,na,na,n
10.3.32.16-entPhysicalTable-4977,na,na,na,na,na,hoc-vblk-vsn1.heartland.inc,TRUE,1481000947467,na,false,na,operable,na,na,na,na,na,na,Dubuque IA,0,na,na,na,na,na,na,na,na,na,na,1481607271660,na,na,Dubuque,na,10.3.32.8,Cisco Systems,na,VBLOCK,na,na,na,V76FN0516001,na,na,na,na,datacenter1,10.3.32.16 Supervisor-1 Port-28,3.5.0.0,na,Sup-Port,0,na,VxB540,na,Port,na,540w10T1,na,na,na,na,na,na,na,na,na,na,na,na,na,hoc-vblk-vsn1.heartland.inc,na,0,10.3.32.10,na,na,hoc-vblk-vsn2.heartland.inc,na,na,na,na,na,na,0,2016-12-05T05:26:11.843Z,Supervisor-1 Port-28,inoperable,na,na,na,na,na,na,540w10T1 V76FN0516001,Supervisor-1 Port-28,10.3.32.16,na,na,na,na,na,notApplicable,na,SUPport,na,na,na,na,na,na,na,na,na,na,na,1481002200000,{},0.0,down,2112.0,fcport,na,na,na,na,na,na,na,na,na,na,na,na,na,na,na,na,na,na,na,na,na,na,na,na,na,na,na,na,n
10.3.32.16-entPhysicalTable-4956,na,na,na,na,na,hoc-vblk-vsn1.heartland.inc,TRUE,1481000947443,na,false,na,operable,na,na,na,na,na,na,Dubuque IA,0,na,na,na,na,na,na,na,na,na,na,1481607271875,na,na,Dubuque,na,10.3.32.8,Cisco Systems,na,VBLOCK,na,na,na,V76FN0516001,na,na,na,na,datacenter1,10.3.32.16 Supervisor-1 Port-7,3.5.0.0,na,Sup-Port,0,na,VxB540,na,Port,na,540w10T1,na,na,na,na,na,na,na,na,na,na,na,na,na,hoc-vblk-vsn1.heartland.inc,na,0,10.3.32.10,na,na,hoc-vblk-vsn2.heartland.inc,na,na,na,na,na,na,0,2016-12-05T05:26:11.843Z,Supervisor-1 Port-7,operable,na,na,na,na,na,na,540w10T1 V76FN0516001,Supervisor-1 Port-7,10.3.32.16,na,na,na,na,na,notApplicable,na,SUPport,na,na,na,na,na,na,na,na,na,na,na,1481002200000,{},4295.0,up,2112.0,fcport,na,na,na,na,na,na,na,na,na,na,na,na,na,na,na,na,na,na,na,na,na,na,na,na,na,na,na,na,n
10.3.32.16-entPhysicalTable-4951,na,na,na,na,na,hoc-vblk-vsn1.heartland.inc,TRUE,1481000947480,na,false,na,operable,na,na,na,na,na,na,Dubuque IA,0,na,na,na,na,na,na,na,na,na,na,1481607271849,na,na,Dubuque,na,10.3.32.8,Cisco Systems,na,VBLOCK,na,na,na,V76FN0516001,na,na,na,na,datacenter1,10.3.32.16 Supervisor-1 Port-2,3.5.0.0,na,Sup-Port,0,na,VxB540,na,Port,na,540w10T1,na,na,na,na,na,na,na,na,na,na,na,na,na,hoc-vblk-vsn1.heartland.inc,na,0,10.3.32.10,na,na,hoc-vblk-vsn2.heartland.inc,na,na,na,na,na,na,0,2016-12-05T05:26:11.843Z,Supervisor-1 Port-2,operable,na,na,na,na,na,na,540w10T1 V76FN0516001,Supervisor-1 Port-2,10.3.32.16,na,na,na,na,na,notApplicable,na,SUPport,na,na,na,na,na,na,na,na,na,na,na,1481002200000,{},4295.0,up,2112.0,fcport,na,na,na,na,na,na,na,na,na,na,na,na,na,na,na,na,na,na,na,na,na,na,na,na,na,na,na,na,n
10.3.32.16-entPhysicalTable-4994,na,na,na,na,na,hoc-vblk-vsn1.heartland.inc,TRUE,1481000947489,na,false,na,operable,na,na,na,na,na,na,Dubuque IA,0,na,na,na,na,na,na,na,na,na,na,1481607271701,na,na,Dubuque,na,10.3.32.8,Cisco Systems,na,VBLOCK,na,na,na,V76FN0516001,na,na,na,na,datacenter1,10.3.32.16 Supervisor-1 Port-45,3.5.0.0,na,Sup-Port,0,na,VxB540,na,Port,na,540w10T1,na,na,na,na,na,na,na,na,na,na,na,na,na,hoc-vblk-vsn1.heartland.inc,na,0,10.3.32.10,na,na,hoc-vblk-vsn2.heartland.inc,na,na,na,na,na,na,0,2016-12-05T05:26:11.843Z,Supervisor-1 Port-45,inoperable,na,na,na,na,na,na,540w10T1 V76FN0516001,Supervisor-1 Port-45,10.3.32.16,na,na,na,na,na,notApplicable,na,SUPport,na,na,na,na,na,na,na,na,na,na,na,1481002200000,{},0.0,down,2112.0,fcport,na,na,na,na,na,na,na,na,na,na,na,na,na,na,na,na,na,na,na,na,na,na,na,na,na,na,na,na,n
10.3.32.16-entPhysicalTable-21594,na,na,na,na,na,hoc-vblk-vsn1.heartland.inc,TRUE,1481000947520,na,false,na,operable,na,na,na,na,na,na,Dubuque IA,,na,na,na,na,na,na,na,na,na,na,1481605747520,na,na,Dubuque,na,10.3.32.8,Cisco Systems,na,VBLOCK,na,na,na,V76FN0516001,na,na,FALSE,na,datacenter1,10.3.32.16-entPhysicalTable-21594,3.5.0.0,na,,na,na,VxB540,na,networkTempSensor,na,540w10T1,na,na,na,na,na,5,na,na,na,na,na,na,22,hoc-vblk-vsn1.heartland.inc,na,na,10.3.32.10,na,na,hoc-vblk-vsn2.heartland.inc,na,na,na,na,na,na,na,na,module-1 FC-SOC1,operable,na,na,cevSensor15302701Temp,na,na,na,540w10T1 V76FN0516001,module-1 FC-SOC1,10.3.32.16,na,na,na,na,na,na,na,na,na,na,sensor,na,na,na,na,na,na,na,na,1480998563321,{},na,na,na,na,celsius,na,na,na,na,na,na,na,na,na,na,na,na,na,na,na,na,na,na,na,na,na,na,na,na,na,na,na,n
10.3.32.16-entPhysicalTable-4972,na,na,na,na,na,hoc-vblk-vsn1.heartland.inc,TRUE,1481000947487,na,false,na,operable,na,na,na,na,na,na,Dubuque IA,0,na,na,na,na,na,na,na,na,na,na,1481607271651,na,na,Dubuque,na,10.3.32.8,Cisco Systems,na,VBLOCK,na,na,na,V76FN0516001,na,na,na,na,datacenter1,10.3.32.16 Supervisor-1 Port-23,3.5.0.0,na,Sup-Port,0,na,VxB540,na,Port,na,540w10T1,na,na,na,na,na,na,na,na,na,na,na,na,na,hoc-vblk-vsn1.heartland.inc,na,0,10.3.32.10,na,na,hoc-vblk-vsn2.heartland.inc,na,na,na,na,na,na,0,2016-12-05T05:26:11.843Z,Supervisor-1 Port-23,inoperable,na,na,na,na,na,na,540w10T1 V76FN0516001,Supervisor-1 Port-23,10.3.32.16,na,na,na,na,na,notApplicable,na,SUPport,na,na,na,na,na,na,na,na,na,na,na,1481002200000,{},0.0,down,2112.0,fcport,na,na,na,na,na,na,na,na,na,na,na,na,na,na,na,na,na,na,na,na,na,na,na,na,na,na,na,na,n
10.3.32.16-entPhysicalTable-4962,na,na,na,na,na,hoc-vblk-vsn1.heartland.inc,TRUE,1481000947429,na,false,na,operable,na,na,na,na,na,na,Dubuque IA,0,na,na,na,na,na,na,na,na,na,na,1481607272048,na,na,Dubuque,na,10.3.32.8,Cisco Systems,na,VBLOCK,na,na,na,V76FN0516001,na,na,na,na,datacenter1,10.3.32.16 Supervisor-1 Port-13,3.5.0.0,na,Sup-Port,0,na,VxB540,na,Port,na,540w10T1,na,na,na,na,na,na,na,na,na,na,na,na,na,hoc-vblk-vsn1.heartland.inc,na,0,10.3.32.10,na,na,hoc-vblk-vsn2.heartland.inc,na,na,na,na,na,na,0,2016-12-05T05:26:11.843Z,Supervisor-1 Port-13,operable,na,na,na,na,na,na,540w10T1 V76FN0516001,Supervisor-1 Port-13,10.3.32.16,na,na,na,na,na,notApplicable,na,SUPport,na,na,na,na,na,na,na,na,na,na,na,1481002200000,{},4295.0,up,2112.0,fcport,na,na,na,na,na,na,na,na,na,na,na,na,na,na,na,na,na,na,na,na,na,na,na,na,na,na,na,na,n
10.3.32.16-entPhysicalTable-4984,na,na,na,na,na,hoc-vblk-vsn1.heartland.inc,TRUE,1481000947431,na,false,na,operable,na,na,na,na,na,na,Dubuque IA,0,na,na,na,na,na,na,na,na,na,na,1481607271677,na,na,Dubuque,na,10.3.32.8,Cisco Systems,na,VBLOCK,na,na,na,V76FN0516001,na,na,na,na,datacenter1,10.3.32.16 Supervisor-1 Port-35,3.5.0.0,na,Sup-Port,0,na,VxB540,na,Port,na,540w10T1,na,na,na,na,na,na,na,na,na,na,na,na,na,hoc-vblk-vsn1.heartland.inc,na,0,10.3.32.10,na,na,hoc-vblk-vsn2.heartland.inc,na,na,na,na,na,na,0,2016-12-05T05:26:11.843Z,Supervisor-1 Port-35,inoperable,na,na,na,na,na,na,540w10T1 V76FN0516001,Supervisor-1 Port-35,10.3.32.16,na,na,na,na,na,notApplicable,na,SUPport,na,na,na,na,na,na,na,na,na,na,na,1481002200000,{},0.0,down,2112.0,fcport,na,na,na,na,na,na,na,na,na,na,na,na,na,na,na,na,na,na,na,na,na,na,na,na,na,na,na,na,n
10.3.32.16-entPhysicalTable-4950,na,na,na,na,na,hoc-vblk-vsn1.heartland.inc,TRUE,1481000947485,na,false,na,operable,na,na,na,na,na,na,Dubuque IA,0,na,na,na,na,na,na,na,na,na,na,1481607272038,na,na,Dubuque,na,10.3.32.8,Cisco Systems,na,VBLOCK,na,na,na,V76FN0516001,na,na,na,na,datacenter1,10.3.32.16 Supervisor-1 Port-1,3.5.0.0,na,Sup-Port,0,na,VxB540,na,Port,na,540w10T1,na,na,na,na,na,na,na,na,na,na,na,na,na,hoc-vblk-vsn1.heartland.inc,na,0,10.3.32.10,na,na,hoc-vblk-vsn2.heartland.inc,na,na,na,na,na,na,0,2016-12-05T05:26:11.843Z,Supervisor-1 Port-1,operable,na,na,na,na,na,na,540w10T1 V76FN0516001,Supervisor-1 Port-1,10.3.32.16,na,na,na,na,na,notApplicable,na,SUPport,na,na,na,na,na,na,na,na,na,na,na,1481002200000,{},4295.0,up,2112.0,fcport,na,na,na,na,na,na,na,na,na,na,na,na,na,na,na,na,na,na,na,na,na,na,na,na,na,na,na,na,n
10.3.32.16-entPhysicalTable-4965,na,na,na,na,na,hoc-vblk-vsn1.heartland.inc,TRUE,1481000947516,na,false,na,operable,na,na,na,na,na,na,Dubuque IA,0,na,na,na,na,na,na,na,na,na,na,1481607271589,na,na,Dubuque,na,10.3.32.8,Cisco Systems,na,VBLOCK,na,na,na,V76FN0516001,na,na,na,na,datacenter1,10.3.32.16 Supervisor-1 Port-16,3.5.0.0,na,Sup-Port,0,na,VxB540,na,Port,na,540w10T1,na,na,na,na,na,na,na,na,na,na,na,na,na,hoc-vblk-vsn1.heartland.inc,na,0,10.3.32.10,na,na,hoc-vblk-vsn2.heartland.inc,na,na,na,na,na,na,0,2016-12-05T05:26:11.843Z,Supervisor-1 Port-16,inoperable,na,na,na,na,na,na,540w10T1 V76FN0516001,Supervisor-1 Port-16,10.3.32.16,na,na,na,na,na,notApplicable,na,SUPport,na,na,na,na,na,na,na,na,na,na,na,1481002200000,{},0.0,down,2112.0,fcport,na,na,na,na,na,na,na,na,na,na,na,na,na,na,na,na,na,na,na,na,na,na,na,na,na,na,na,na,n
10.3.32.16-entPhysicalTable-4987,na,na,na,na,na,hoc-vblk-vsn1.heartland.inc,TRUE,1481000947518,na,false,na,operable,na,na,na,na,na,na,Dubuque IA,0,na,na,na,na,na,na,na,na,na,na,1481607271682,na,na,Dubuque,na,10.3.32.8,Cisco Systems,na,VBLOCK,na,na,na,V76FN0516001,na,na,na,na,datacenter1,10.3.32.16 Supervisor-1 Port-38,3.5.0.0,na,Sup-Port,0,na,VxB540,na,Port,na,540w10T1,na,na,na,na,na,na,na,na,na,na,na,na,na,hoc-vblk-vsn1.heartland.inc,na,0,10.3.32.10,na,na,hoc-vblk-vsn2.heartland.inc,na,na,na,na,na,na,0,2016-12-05T05:26:11.843Z,Supervisor-1 Port-38,inoperable,na,na,na,na,na,na,540w10T1 V76FN0516001,Supervisor-1 Port-38,10.3.32.16,na,na,na,na,na,notApplicable,na,SUPport,na,na,na,na,na,na,na,na,na,na,na,1481002200000,{},0.0,down,2112.0,fcport,na,na,na,na,na,na,na,na,na,na,na,na,na,na,na,na,na,na,na,na,na,na,na,na,na,na,na,na,n
10.3.32.16-entPhysicalTable-4979,na,na,na,na,na,hoc-vblk-vsn1.heartland.inc,TRUE,1481000947441,na,false,na,operable,na,na,na,na,na,na,Dubuque IA,0,na,na,na,na,na,na,na,na,na,na,1481607271663,na,na,Dubuque,na,10.3.32.8,Cisco Systems,na,VBLOCK,na,na,na,V76FN0516001,na,na,na,na,datacenter1,10.3.32.16 Supervisor-1 Port-30,3.5.0.0,na,Sup-Port,0,na,VxB540,na,Port,na,540w10T1,na,na,na,na,na,na,na,na,na,na,na,na,na,hoc-vblk-vsn1.heartland.inc,na,0,10.3.32.10,na,na,hoc-vblk-vsn2.heartland.inc,na,na,na,na,na,na,0,2016-12-05T05:26:11.843Z,Supervisor-1 Port-30,inoperable,na,na,na,na,na,na,540w10T1 V76FN0516001,Supervisor-1 Port-30,10.3.32.16,na,na,na,na,na,notApplicable,na,SUPport,na,na,na,na,na,na,na,na,na,na,na,1481002200000,{},0.0,down,2112.0,fcport,na,na,na,na,na,na,na,na,na,na,na,na,na,na,na,na,na,na,na,na,na,na,na,na,na,na,na,na,n
10.3.32.16-entPhysicalTable-4954,na,na,na,na,na,hoc-vblk-vsn1.heartland.inc,TRUE,1481000947469,na,false,na,operable,na,na,na,na,na,na,Dubuque IA,0,na,na,na,na,na,na,na,na,na,na,1481607271571,na,na,Dubuque,na,10.3.32.8,Cisco Systems,na,VBLOCK,na,na,na,V76FN0516001,na,na,na,na,datacenter1,10.3.32.16 Supervisor-1 Port-5,3.5.0.0,na,Sup-Port,0,na,VxB540,na,Port,na,540w10T1,na,na,na,na,na,na,na,na,na,na,na,na,na,hoc-vblk-vsn1.heartland.inc,na,0,10.3.32.10,na,na,hoc-vblk-vsn2.heartland.inc,na,na,na,na,na,na,0,2016-12-05T05:26:11.843Z,Supervisor-1 Port-5,operable,na,na,na,na,na,na,540w10T1 V76FN0516001,Supervisor-1 Port-5,10.3.32.16,na,na,na,na,na,notApplicable,na,SUPport,na,na,na,na,na,na,na,na,na,na,na,1481002200000,{},4295.0,up,2112.0,fcport,na,na,na,na,na,na,na,na,na,na,na,na,na,na,na,na,na,na,na,na,na,na,na,na,na,na,na,na,n
10.3.32.16-entPhysicalTable-21592,na,na,na,na,na,hoc-vblk-vsn1.heartland.inc,TRUE,1481000947524,na,false,na,operable,na,na,na,na,na,na,Dubuque IA,,na,na,na,na,na,na,na,na,na,na,1481605747524,na,na,Dubuque,na,10.3.32.8,Cisco Systems,na,VBLOCK,na,na,na,V76FN0516001,na,na,FALSE,na,datacenter1,10.3.32.16-entPhysicalTable-21592,3.5.0.0,na,,na,na,VxB540,na,networkTempSensor,na,540w10T1,na,na,na,na,na,3,na,na,na,na,na,na,22,hoc-vblk-vsn1.heartland.inc,na,na,10.3.32.10,na,na,hoc-vblk-vsn2.heartland.inc,na,na,na,na,na,na,na,na,module-1 Intake,operable,na,na,cevSensor15302701Temp,na,na,na,540w10T1 V76FN0516001,module-1 Intake,10.3.32.16,na,na,na,na,na,na,na,na,na,na,sensor,na,na,na,na,na,na,na,na,1480998563321,{},na,na,na,na,celsius,na,na,na,na,na,na,na,na,na,na,na,na,na,na,na,na,na,na,na,na,na,na,na,na,na,na,na,n
10.3.32.16-entPhysicalTable-4997,na,na,na,na,na,hoc-vblk-vsn1.heartland.inc,TRUE,1481000947455,na,false,na,operable,na,na,na,na,na,na,Dubuque IA,0,na,na,na,na,na,na,na,na,na,na,1481607271706,na,na,Dubuque,na,10.3.32.8,Cisco Systems,na,VBLOCK,na,na,na,V76FN0516001,na,na,na,na,datacenter1,10.3.32.16 Supervisor-1 Port-48,3.5.0.0,na,Sup-Port,0,na,VxB540,na,Port,na,540w10T1,na,na,na,na,na,na,na,na,na,na,na,na,na,hoc-vblk-vsn1.heartland.inc,na,0,10.3.32.10,na,na,hoc-vblk-vsn2.heartland.inc,na,na,na,na,na,na,0,2016-12-05T05:26:11.843Z,Supervisor-1 Port-48,inoperable,na,na,na,na,na,na,540w10T1 V76FN0516001,Supervisor-1 Port-48,10.3.32.16,na,na,na,na,na,notApplicable,na,SUPport,na,na,na,na,na,na,na,na,na,na,na,1481002200000,{},0.0,down,2112.0,fcport,na,na,na,na,na,na,na,na,na,na,na,na,na,na,na,na,na,na,na,na,na,na,na,na,na,na,na,na,n
10.3.32.16-entPhysicalTable-4960,na,na,na,na,na,hoc-vblk-vsn1.heartland.inc,TRUE,1481000947420,na,false,na,operable,na,na,na,na,na,na,Dubuque IA,0,na,na,na,na,na,na,na,na,na,na,1481607272044,na,na,Dubuque,na,10.3.32.8,Cisco Systems,na,VBLOCK,na,na,na,V76FN0516001,na,na,na,na,datacenter1,10.3.32.16 Supervisor-1 Port-11,3.5.0.0,na,Sup-Port,0,na,VxB540,na,Port,na,540w10T1,na,na,na,na,na,na,na,na,na,na,na,na,na,hoc-vblk-vsn1.heartland.inc,na,0,10.3.32.10,na,na,hoc-vblk-vsn2.heartland.inc,na,na,na,na,na,na,0,2016-12-05T05:26:11.843Z,Supervisor-1 Port-11,operable,na,na,na,na,na,na,540w10T1 V76FN0516001,Supervisor-1 Port-11,10.3.32.16,na,na,na,na,na,notApplicable,na,SUPport,na,na,na,na,na,na,na,na,na,na,na,1481002200000,{},4295.0,up,2112.0,fcport,na,na,na,na,na,na,na,na,na,na,na,na,na,na,na,na,na,na,na,na,na,na,na,na,na,na,na,na,n
10.3.32.16-entPhysicalTable-4958,na,na,na,na,na,hoc-vblk-vsn1.heartland.inc,TRUE,1481000947449,na,false,na,operable,na,na,na,na,na,na,Dubuque IA,0,na,na,na,na,na,na,na,na,na,na,1481607272041,na,na,Dubuque,na,10.3.32.8,Cisco Systems,na,VBLOCK,na,na,na,V76FN0516001,na,na,na,na,datacenter1,10.3.32.16 Supervisor-1 Port-9,3.5.0.0,na,Sup-Port,0,na,VxB540,na,Port,na,540w10T1,na,na,na,na,na,na,na,na,na,na,na,na,na,hoc-vblk-vsn1.heartland.inc,na,0,10.3.32.10,na,na,hoc-vblk-vsn2.heartland.inc,na,na,na,na,na,na,0,2016-12-05T05:26:11.843Z,Supervisor-1 Port-9,operable,na,na,na,na,na,na,540w10T1 V76FN0516001,Supervisor-1 Port-9,10.3.32.16,na,na,na,na,na,notApplicable,na,SUPport,na,na,na,na,na,na,na,na,na,na,na,1481002200000,{},4295.0,up,2112.0,fcport,na,na,na,na,na,na,na,na,na,na,na,na,na,na,na,na,na,na,na,na,na,na,na,na,na,na,na,na,n
10.3.32.16-entPhysicalTable-4992,na,na,na,na,na,hoc-vblk-vsn1.heartland.inc,TRUE,1481000947478,na,false,na,operable,na,na,na,na,na,na,Dubuque IA,0,na,na,na,na,na,na,na,na,na,na,1481607271692,na,na,Dubuque,na,10.3.32.8,Cisco Systems,na,VBLOCK,na,na,na,V76FN0516001,na,na,na,na,datacenter1,10.3.32.16 Supervisor-1 Port-43,3.5.0.0,na,Sup-Port,0,na,VxB540,na,Port,na,540w10T1,na,na,na,na,na,na,na,na,na,na,na,na,na,hoc-vblk-vsn1.heartland.inc,na,0,10.3.32.10,na,na,hoc-vblk-vsn2.heartland.inc,na,na,na,na,na,na,0,2016-12-05T05:26:11.843Z,Supervisor-1 Port-43,inoperable,na,na,na,na,na,na,540w10T1 V76FN0516001,Supervisor-1 Port-43,10.3.32.16,na,na,na,na,na,notApplicable,na,SUPport,na,na,na,na,na,na,na,na,na,na,na,1481002200000,{},0.0,down,2112.0,fcport,na,na,na,na,na,na,na,na,na,na,na,na,na,na,na,na,na,na,na,na,na,na,na,na,na,na,na,na,n
10.3.32.16-entPhysicalTable-4985,na,na,na,na,na,hoc-vblk-vsn1.heartland.inc,TRUE,1481000947510,na,false,na,operable,na,na,na,na,na,na,Dubuque IA,0,na,na,na,na,na,na,na,na,na,na,1481607271678,na,na,Dubuque,na,10.3.32.8,Cisco Systems,na,VBLOCK,na,na,na,V76FN0516001,na,na,na,na,datacenter1,10.3.32.16 Supervisor-1 Port-36,3.5.0.0,na,Sup-Port,0,na,VxB540,na,Port,na,540w10T1,na,na,na,na,na,na,na,na,na,na,na,na,na,hoc-vblk-vsn1.heartland.inc,na,0,10.3.32.10,na,na,hoc-vblk-vsn2.heartland.inc,na,na,na,na,na,na,0,2016-12-05T05:26:11.843Z,Supervisor-1 Port-36,inoperable,na,na,na,na,na,na,540w10T1 V76FN0516001,Supervisor-1 Port-36,10.3.32.16,na,na,na,na,na,notApplicable,na,SUPport,na,na,na,na,na,na,na,na,na,na,na,1481002200000,{},0.0,down,2112.0,fcport,na,na,na,na,na,na,na,na,na,na,na,na,na,na,na,na,na,na,na,na,na,na,na,na,na,na,na,na,n
10.3.32.16-entPhysicalTable-4953,na,na,na,na,na,hoc-vblk-vsn1.heartland.inc,TRUE,1481000947451,na,false,na,operable,na,na,na,na,na,na,Dubuque IA,0,na,na,na,na,na,na,na,na,na,na,1481607272040,na,na,Dubuque,na,10.3.32.8,Cisco Systems,na,VBLOCK,na,na,na,V76FN0516001,na,na,na,na,datacenter1,10.3.32.16 Supervisor-1 Port-4,3.5.0.0,na,Sup-Port,0,na,VxB540,na,Port,na,540w10T1,na,na,na,na,na,na,na,na,na,na,na,na,na,hoc-vblk-vsn1.heartland.inc,na,0,10.3.32.10,na,na,hoc-vblk-vsn2.heartland.inc,na,na,na,na,na,na,0,2016-12-05T05:26:11.843Z,Supervisor-1 Port-4,operable,na,na,na,na,na,na,540w10T1 V76FN0516001,Supervisor-1 Port-4,10.3.32.16,na,na,na,na,na,notApplicable,na,SUPport,na,na,na,na,na,na,na,na,na,na,na,1481002200000,{},4295.0,up,2112.0,fcport,na,na,na,na,na,na,na,na,na,na,na,na,na,na,na,na,na,na,na,na,na,na,na,na,na,na,na,na,n
10.3.32.16-entPhysicalTable-4980,na,na,na,na,na,hoc-vblk-vsn1.heartland.inc,TRUE,1481000947437,na,false,na,operable,na,na,na,na,na,na,Dubuque IA,0,na,na,na,na,na,na,na,na,na,na,1481607271670,na,na,Dubuque,na,10.3.32.8,Cisco Systems,na,VBLOCK,na,na,na,V76FN0516001,na,na,na,na,datacenter1,10.3.32.16 Supervisor-1 Port-31,3.5.0.0,na,Sup-Port,0,na,VxB540,na,Port,na,540w10T1,na,na,na,na,na,na,na,na,na,na,na,na,na,hoc-vblk-vsn1.heartland.inc,na,0,10.3.32.10,na,na,hoc-vblk-vsn2.heartland.inc,na,na,na,na,na,na,0,2016-12-05T05:26:11.843Z,Supervisor-1 Port-31,inoperable,na,na,na,na,na,na,540w10T1 V76FN0516001,Supervisor-1 Port-31,10.3.32.16,na,na,na,na,na,notApplicable,na,SUPport,na,na,na,na,na,na,na,na,na,na,na,1481002200000,{},0.0,down,2112.0,fcport,na,na,na,na,na,na,na,na,na,na,na,na,na,na,na,na,na,na,na,na,na,na,na,na,na,na,na,na,n
10.3.32.16-entPhysicalTable-4996,na,na,na,na,na,hoc-vblk-vsn1.heartland.inc,TRUE,1481000947462,na,false,na,operable,na,na,na,na,na,na,Dubuque IA,0,na,na,na,na,na,na,na,na,na,na,1481607271704,na,na,Dubuque,na,10.3.32.8,Cisco Systems,na,VBLOCK,na,na,na,V76FN0516001,na,na,na,na,datacenter1,10.3.32.16 Supervisor-1 Port-47,3.5.0.0,na,Sup-Port,0,na,VxB540,na,Port,na,540w10T1,na,na,na,na,na,na,na,na,na,na,na,na,na,hoc-vblk-vsn1.heartland.inc,na,0,10.3.32.10,na,na,hoc-vblk-vsn2.heartland.inc,na,na,na,na,na,na,0,2016-12-05T05:26:11.843Z,Supervisor-1 Port-47,inoperable,na,na,na,na,na,na,540w10T1 V76FN0516001,Supervisor-1 Port-47,10.3.32.16,na,na,na,na,na,notApplicable,na,SUPport,na,na,na,na,na,na,na,na,na,na,na,1481002200000,{},0.0,down,2112.0,fcport,na,na,na,na,na,na,na,na,na,na,na,na,na,na,na,na,na,na,na,na,na,na,na,na,na,na,na,na,n
10.3.32.16-entPhysicalTable-4978,na,na,na,na,na,hoc-vblk-vsn1.heartland.inc,TRUE,1481000947445,na,false,na,operable,na,na,na,na,na,na,Dubuque IA,0,na,na,na,na,na,na,na,na,na,na,1481607271661,na,na,Dubuque,na,10.3.32.8,Cisco Systems,na,VBLOCK,na,na,na,V76FN0516001,na,na,na,na,datacenter1,10.3.32.16 Supervisor-1 Port-29,3.5.0.0,na,Sup-Port,0,na,VxB540,na,Port,na,540w10T1,na,na,na,na,na,na,na,na,na,na,na,na,na,hoc-vblk-vsn1.heartland.inc,na,0,10.3.32.10,na,na,hoc-vblk-vsn2.heartland.inc,na,na,na,na,na,na,0,2016-12-05T05:26:11.843Z,Supervisor-1 Port-29,inoperable,na,na,na,na,na,na,540w10T1 V76FN0516001,Supervisor-1 Port-29,10.3.32.16,na,na,na,na,na,notApplicable,na,SUPport,na,na,na,na,na,na,na,na,na,na,na,1481002200000,{},0.0,down,2112.0,fcport,na,na,na,na,na,na,na,na,na,na,na,na,na,na,na,na,na,na,na,na,na,na,na,na,na,na,na,na,n
10.3.32.16-entPhysicalTable-4991,na,na,na,na,na,hoc-vblk-vsn1.heartland.inc,TRUE,1481000947491,na,false,na,operable,na,na,na,na,na,na,Dubuque IA,0,na,na,na,na,na,na,na,na,na,na,1481607271690,na,na,Dubuque,na,10.3.32.8,Cisco Systems,na,VBLOCK,na,na,na,V76FN0516001,na,na,na,na,datacenter1,10.3.32.16 Supervisor-1 Port-42,3.5.0.0,na,Sup-Port,0,na,VxB540,na,Port,na,540w10T1,na,na,na,na,na,na,na,na,na,na,na,na,na,hoc-vblk-vsn1.heartland.inc,na,0,10.3.32.10,na,na,hoc-vblk-vsn2.heartland.inc,na,na,na,na,na,na,0,2016-12-05T05:26:11.843Z,Supervisor-1 Port-42,inoperable,na,na,na,na,na,na,540w10T1 V76FN0516001,Supervisor-1 Port-42,10.3.32.16,na,na,na,na,na,notApplicable,na,SUPport,na,na,na,na,na,na,na,na,na,na,na,1481002200000,{},0.0,down,2112.0,fcport,na,na,na,na,na,na,na,na,na,na,na,na,na,na,na,na,na,na,na,na,na,na,na,na,na,na,na,na,n
10.3.32.16-entPhysicalTable-4970,na,na,na,na,na,hoc-vblk-vsn1.heartland.inc,TRUE,1481000947476,na,false,na,operable,na,na,na,na,na,na,Dubuque IA,0,na,na,na,na,na,na,na,na,na,na,1481607271633,na,na,Dubuque,na,10.3.32.8,Cisco Systems,na,VBLOCK,na,na,na,V76FN0516001,na,na,na,na,datacenter1,10.3.32.16 Supervisor-1 Port-21,3.5.0.0,na,Sup-Port,0,na,VxB540,na,Port,na,540w10T1,na,na,na,na,na,na,na,na,na,na,na,na,na,hoc-vblk-vsn1.heartland.inc,na,0,10.3.32.10,na,na,hoc-vblk-vsn2.heartland.inc,na,na,na,na,na,na,0,2016-12-05T05:26:11.843Z,Supervisor-1 Port-21,inoperable,na,na,na,na,na,na,540w10T1 V76FN0516001,Supervisor-1 Port-21,10.3.32.16,na,na,na,na,na,notApplicable,na,SUPport,na,na,na,na,na,na,na,na,na,na,na,1481002200000,{},0.0,down,2112.0,fcport,na,na,na,na,na,na,na,na,na,na,na,na,na,na,na,na,na,na,na,na,na,na,na,na,na,na,na,na,n
10.3.32.16-entPhysicalTable-4990,na,na,na,na,na,hoc-vblk-vsn1.heartland.inc,TRUE,1481000947493,na,false,na,operable,na,na,na,na,na,na,Dubuque IA,0,na,na,na,na,na,na,na,na,na,na,1481607271687,na,na,Dubuque,na,10.3.32.8,Cisco Systems,na,VBLOCK,na,na,na,V76FN0516001,na,na,na,na,datacenter1,10.3.32.16 Supervisor-1 Port-41,3.5.0.0,na,Sup-Port,0,na,VxB540,na,Port,na,540w10T1,na,na,na,na,na,na,na,na,na,na,na,na,na,hoc-vblk-vsn1.heartland.inc,na,0,10.3.32.10,na,na,hoc-vblk-vsn2.heartland.inc,na,na,na,na,na,na,0,2016-12-05T05:26:11.843Z,Supervisor-1 Port-41,inoperable,na,na,na,na,na,na,540w10T1 V76FN0516001,Supervisor-1 Port-41,10.3.32.16,na,na,na,na,na,notApplicable,na,SUPport,na,na,na,na,na,na,na,na,na,na,na,1481002200000,{},0.0,down,2112.0,fcport,na,na,na,na,na,na,na,na,na,na,na,na,na,na,na,na,na,na,na,na,na,na,na,na,na,na,na,na,n
10.3.32.16-entPhysicalTable-4988,na,na,na,na,na,hoc-vblk-vsn1.heartland.inc,TRUE,1481000947514,na,false,na,operable,na,na,na,na,na,na,Dubuque IA,0,na,na,na,na,na,na,na,na,na,na,1481607271683,na,na,Dubuque,na,10.3.32.8,Cisco Systems,na,VBLOCK,na,na,na,V76FN0516001,na,na,na,na,datacenter1,10.3.32.16 Supervisor-1 Port-39,3.5.0.0,na,Sup-Port,0,na,VxB540,na,Port,na,540w10T1,na,na,na,na,na,na,na,na,na,na,na,na,na,hoc-vblk-vsn1.heartland.inc,na,0,10.3.32.10,na,na,hoc-vblk-vsn2.heartland.inc,na,na,na,na,na,na,0,2016-12-05T05:26:11.843Z,Supervisor-1 Port-39,inoperable,na,na,na,na,na,na,540w10T1 V76FN0516001,Supervisor-1 Port-39,10.3.32.16,na,na,na,na,na,notApplicable,na,SUPport,na,na,na,na,na,na,na,na,na,na,na,1481002200000,{},0.0,down,2112.0,fcport,na,na,na,na,na,na,na,na,na,na,na,na,na,na,na,na,na,na,na,na,na,na,na,na,na,na,na,na,n
10.3.32.16-entPhysicalTable-4983,na,na,na,na,na,hoc-vblk-vsn1.heartland.inc,TRUE,1481000947435,na,false,na,operable,na,na,na,na,na,na,Dubuque IA,0,na,na,na,na,na,na,na,na,na,na,1481607271675,na,na,Dubuque,na,10.3.32.8,Cisco Systems,na,VBLOCK,na,na,na,V76FN0516001,na,na,na,na,datacenter1,10.3.32.16 Supervisor-1 Port-34,3.5.0.0,na,Sup-Port,0,na,VxB540,na,Port,na,540w10T1,na,na,na,na,na,na,na,na,na,na,na,na,na,hoc-vblk-vsn1.heartland.inc,na,0,10.3.32.10,na,na,hoc-vblk-vsn2.heartland.inc,na,na,na,na,na,na,0,2016-12-05T05:26:11.843Z,Supervisor-1 Port-34,inoperable,na,na,na,na,na,na,540w10T1 V76FN0516001,Supervisor-1 Port-34,10.3.32.16,na,na,na,na,na,notApplicable,na,SUPport,na,na,na,na,na,na,na,na,na,na,na,1481002200000,{},0.0,down,2112.0,fcport,na,na,na,na,na,na,na,na,na,na,na,na,na,na,na,na,na,na,na,na,na,na,na,na,na,na,na,na,n
10.3.32.16-entPhysicalTable-4963,na,na,na,na,na,hoc-vblk-vsn1.heartland.inc,TRUE,1481000947508,na,false,na,operable,na,na,na,na,na,na,Dubuque IA,0,na,na,na,na,na,na,na,na,na,na,1481607272053,na,na,Dubuque,na,10.3.32.8,Cisco Systems,na,VBLOCK,na,na,na,V76FN0516001,na,na,na,na,datacenter1,10.3.32.16 Supervisor-1 Port-14,3.5.0.0,na,Sup-Port,0,na,VxB540,na,Port,na,540w10T1,na,na,na,na,na,na,na,na,na,na,na,na,na,hoc-vblk-vsn1.heartland.inc,na,0,10.3.32.10,na,na,hoc-vblk-vsn2.heartland.inc,na,na,na,na,na,na,0,2016-12-05T05:26:11.843Z,Supervisor-1 Port-14,operable,na,na,na,na,na,na,540w10T1 V76FN0516001,Supervisor-1 Port-14,10.3.32.16,na,na,na,na,na,notApplicable,na,SUPport,na,na,na,na,na,na,na,na,na,na,na,1481002200000,{},4295.0,up,2112.0,fcport,na,na,na,na,na,na,na,na,na,na,na,na,na,na,na,na,na,na,na,na,na,na,na,na,na,na,na,na,n
10.3.32.16-entPhysicalTable-4982,na,na,na,na,na,hoc-vblk-vsn1.heartland.inc,TRUE,1481000947424,na,false,na,operable,na,na,na,na,na,na,Dubuque IA,0,na,na,na,na,na,na,na,na,na,na,1481607271673,na,na,Dubuque,na,10.3.32.8,Cisco Systems,na,VBLOCK,na,na,na,V76FN0516001,na,na,na,na,datacenter1,10.3.32.16 Supervisor-1 Port-33,3.5.0.0,na,Sup-Port,0,na,VxB540,na,Port,na,540w10T1,na,na,na,na,na,na,na,na,na,na,na,na,na,hoc-vblk-vsn1.heartland.inc,na,0,10.3.32.10,na,na,hoc-vblk-vsn2.heartland.inc,na,na,na,na,na,na,0,2016-12-05T05:26:11.843Z,Supervisor-1 Port-33,inoperable,na,na,na,na,na,na,540w10T1 V76FN0516001,Supervisor-1 Port-33,10.3.32.16,na,na,na,na,na,notApplicable,na,SUPport,na,na,na,na,na,na,na,na,na,na,na,1481002200000,{},0.0,down,2112.0,fcport,na,na,na,na,na,na,na,na,na,na,na,na,na,na,na,na,na,na,na,na,na,na,na,na,na,na,na,na,n
10.3.32.16-entPhysicalTable-4961,na,na,na,na,na,hoc-vblk-vsn1.heartland.inc,TRUE,1481000947433,na,false,na,operable,na,na,na,na,na,na,Dubuque IA,0,na,na,na,na,na,na,na,na,na,na,1481607272046,na,na,Dubuque,na,10.3.32.8,Cisco Systems,na,VBLOCK,na,na,na,V76FN0516001,na,na,na,na,datacenter1,10.3.32.16 Supervisor-1 Port-12,3.5.0.0,na,Sup-Port,0,na,VxB540,na,Port,na,540w10T1,na,na,na,na,na,na,na,na,na,na,na,na,na,hoc-vblk-vsn1.heartland.inc,na,0,10.3.32.10,na,na,hoc-vblk-vsn2.heartland.inc,na,na,na,na,na,na,0,2016-12-05T05:26:11.843Z,Supervisor-1 Port-12,operable,na,na,na,na,na,na,540w10T1 V76FN0516001,Supervisor-1 Port-12,10.3.32.16,na,na,na,na,na,notApplicable,na,SUPport,na,na,na,na,na,na,na,na,na,na,na,1481002200000,{},4295.0,up,2112.0,fcport,na,na,na,na,na,na,na,na,na,na,na,na,na,na,na,na,na,na,na,na,na,na,na,na,na,na,na,na,n
10.3.32.16-entPhysicalTable-4976,na,na,na,na,na,hoc-vblk-vsn1.heartland.inc,TRUE,1481000947471,na,false,na,operable,na,na,na,na,na,na,Dubuque IA,0,na,na,na,na,na,na,na,na,na,na,1481607271658,na,na,Dubuque,na,10.3.32.8,Cisco Systems,na,VBLOCK,na,na,na,V76FN0516001,na,na,na,na,datacenter1,10.3.32.16 Supervisor-1 Port-27,3.5.0.0,na,Sup-Port,0,na,VxB540,na,Port,na,540w10T1,na,na,na,na,na,na,na,na,na,na,na,na,na,hoc-vblk-vsn1.heartland.inc,na,0,10.3.32.10,na,na,hoc-vblk-vsn2.heartland.inc,na,na,na,na,na,na,0,2016-12-05T05:26:11.843Z,Supervisor-1 Port-27,inoperable,na,na,na,na,na,na,540w10T1 V76FN0516001,Supervisor-1 Port-27,10.3.32.16,na,na,na,na,na,notApplicable,na,SUPport,na,na,na,na,na,na,na,na,na,na,na,1481002200000,{},0.0,down,2112.0,fcport,na,na,na,na,na,na,na,na,na,na,na,na,na,na,na,na,na,na,na,na,na,na,na,na,na,na,na,na,n
10.3.32.16-entPhysicalTable-4975,na,na,na,na,na,hoc-vblk-vsn1.heartland.inc,TRUE,1481000947453,na,false,na,operable,na,na,na,na,na,na,Dubuque IA,0,na,na,na,na,na,na,na,na,na,na,1481607271657,na,na,Dubuque,na,10.3.32.8,Cisco Systems,na,VBLOCK,na,na,na,V76FN0516001,na,na,na,na,datacenter1,10.3.32.16 Supervisor-1 Port-26,3.5.0.0,na,Sup-Port,0,na,VxB540,na,Port,na,540w10T1,na,na,na,na,na,na,na,na,na,na,na,na,na,hoc-vblk-vsn1.heartland.inc,na,0,10.3.32.10,na,na,hoc-vblk-vsn2.heartland.inc,na,na,na,na,na,na,0,2016-12-05T05:26:11.843Z,Supervisor-1 Port-26,inoperable,na,na,na,na,na,na,540w10T1 V76FN0516001,Supervisor-1 Port-26,10.3.32.16,na,na,na,na,na,notApplicable,na,SUPport,na,na,na,na,na,na,na,na,na,na,na,1481002200000,{},0.0,down,2112.0,fcport,na,na,na,na,na,na,na,na,na,na,na,na,na,na,na,na,na,na,na,na,na,na,na,na,na,na,na,na,n
10.3.32.16-entPhysicalTable-4959,na,na,na,na,na,hoc-vblk-vsn1.heartland.inc,TRUE,1481000947447,na,false,na,operable,na,na,na,na,na,na,Dubuque IA,0,na,na,na,na,na,na,na,na,na,na,1481607272042,na,na,Dubuque,na,10.3.32.8,Cisco Systems,na,VBLOCK,na,na,na,V76FN0516001,na,na,na,na,datacenter1,10.3.32.16 Supervisor-1 Port-10,3.5.0.0,na,Sup-Port,0,na,VxB540,na,Port,na,540w10T1,na,na,na,na,na,na,na,na,na,na,na,na,na,hoc-vblk-vsn1.heartland.inc,na,0,10.3.32.10,na,na,hoc-vblk-vsn2.heartland.inc,na,na,na,na,na,na,0,2016-12-05T05:26:11.843Z,Supervisor-1 Port-10,operable,na,na,na,na,na,na,540w10T1 V76FN0516001,Supervisor-1 Port-10,10.3.32.16,na,na,na,na,na,notApplicable,na,SUPport,na,na,na,na,na,na,na,na,na,na,na,1481002200000,{},4295.0,up,2112.0,fcport,na,na,na,na,na,na,na,na,na,na,na,na,na,na,na,na,na,na,na,na,na,na,na,na,na,na,na,na,n
10.3.32.16-entPhysicalTable-4995,na,na,na,na,na,hoc-vblk-vsn1.heartland.inc,TRUE,1481000947484,na,false,na,operable,na,na,na,na,na,na,Dubuque IA,0,na,na,na,na,na,na,na,na,na,na,1481607271703,na,na,Dubuque,na,10.3.32.8,Cisco Systems,na,VBLOCK,na,na,na,V76FN0516001,na,na,na,na,datacenter1,10.3.32.16 Supervisor-1 Port-46,3.5.0.0,na,Sup-Port,0,na,VxB540,na,Port,na,540w10T1,na,na,na,na,na,na,na,na,na,na,na,na,na,hoc-vblk-vsn1.heartland.inc,na,0,10.3.32.10,na,na,hoc-vblk-vsn2.heartland.inc,na,na,na,na,na,na,0,2016-12-05T05:26:11.843Z,Supervisor-1 Port-46,inoperable,na,na,na,na,na,na,540w10T1 V76FN0516001,Supervisor-1 Port-46,10.3.32.16,na,na,na,na,na,notApplicable,na,SUPport,na,na,na,na,na,na,na,na,na,na,na,1481002200000,{},0.0,down,2112.0,fcport,na,na,na,na,na,na,na,na,na,na,na,na,na,na,na,na,na,na,na,na,na,na,na,na,na,na,na,na,n
10.3.32.16-entPhysicalTable-4973,na,na,na,na,na,hoc-vblk-vsn1.heartland.inc,TRUE,1481000947482,na,false,na,operable,na,na,na,na,na,na,Dubuque IA,0,na,na,na,na,na,na,na,na,na,na,1481607271654,na,na,Dubuque,na,10.3.32.8,Cisco Systems,na,VBLOCK,na,na,na,V76FN0516001,na,na,na,na,datacenter1,10.3.32.16 Supervisor-1 Port-24,3.5.0.0,na,Sup-Port,0,na,VxB540,na,Port,na,540w10T1,na,na,na,na,na,na,na,na,na,na,na,na,na,hoc-vblk-vsn1.heartland.inc,na,0,10.3.32.10,na,na,hoc-vblk-vsn2.heartland.inc,na,na,na,na,na,na,0,2016-12-05T05:26:11.843Z,Supervisor-1 Port-24,inoperable,na,na,na,na,na,na,540w10T1 V76FN0516001,Supervisor-1 Port-24,10.3.32.16,na,na,na,na,na,notApplicable,na,SUPport,na,na,na,na,na,na,na,na,na,na,na,1481002200000,{},0.0,down,2112.0,fcport,na,na,na,na,na,na,na,na,na,na,na,na,na,na,na,na,na,na,na,na,na,na,na,na,na,na,na,na,n
10.3.32.16-entPhysicalTable-4955,na,na,na,na,na,hoc-vblk-vsn1.heartland.inc,TRUE,1481000947465,na,false,na,operable,na,na,na,na,na,na,Dubuque IA,0,na,na,na,na,na,na,na,na,na,na,1481607271572,na,na,Dubuque,na,10.3.32.8,Cisco Systems,na,VBLOCK,na,na,na,V76FN0516001,na,na,na,na,datacenter1,10.3.32.16 Supervisor-1 Port-6,3.5.0.0,na,Sup-Port,0,na,VxB540,na,Port,na,540w10T1,na,na,na,na,na,na,na,na,na,na,na,na,na,hoc-vblk-vsn1.heartland.inc,na,0,10.3.32.10,na,na,hoc-vblk-vsn2.heartland.inc,na,na,na,na,na,na,0,2016-12-05T05:26:11.843Z,Supervisor-1 Port-6,operable,na,na,na,na,na,na,540w10T1 V76FN0516001,Supervisor-1 Port-6,10.3.32.16,na,na,na,na,na,notApplicable,na,SUPport,na,na,na,na,na,na,na,na,na,na,na,1481002200000,{},4295.0,up,2112.0,fcport,na,na,na,na,na,na,na,na,na,na,na,na,na,na,na,na,na,na,na,na,na,na,na,na,na,na,na,na,n
10.3.32.16-entPhysicalTable-21590,na,na,na,na,na,hoc-vblk-vsn1.heartland.inc,TRUE,1481000947527,na,false,na,operable,na,na,na,na,na,na,Dubuque IA,,na,na,na,na,na,na,na,na,na,na,1481605747527,na,na,Dubuque,na,10.3.32.8,Cisco Systems,na,VBLOCK,na,na,na,V76FN0516001,na,na,FALSE,na,datacenter1,10.3.32.16-entPhysicalTable-21590,3.5.0.0,na,,na,na,VxB540,na,networkTempSensor,na,540w10T1,na,na,na,na,na,1,na,na,na,na,na,na,22,hoc-vblk-vsn1.heartland.inc,na,na,10.3.32.10,na,na,hoc-vblk-vsn2.heartland.inc,na,na,na,na,na,na,na,na,module-1 Outlet,operable,na,na,cevSensor15302701Temp,na,na,na,540w10T1 V76FN0516001,module-1 Outlet,10.3.32.16,na,na,na,na,na,na,na,na,na,na,sensor,na,na,na,na,na,na,na,na,1480998563321,{},na,na,na,na,celsius,na,na,na,na,na,na,na,na,na,na,na,na,na,na,na,na,na,na,na,na,na,na,na,na,na,na,na,n
10.3.32.16-entPhysicalTable-21593,na,na,na,na,na,hoc-vblk-vsn1.heartland.inc,TRUE,1481000947522,na,false,na,operable,na,na,na,na,na,na,Dubuque IA,,na,na,na,na,na,na,na,na,na,na,1481605747522,na,na,Dubuque,na,10.3.32.8,Cisco Systems,na,VBLOCK,na,na,na,V76FN0516001,na,na,FALSE,na,datacenter1,10.3.32.16-entPhysicalTable-21593,3.5.0.0,na,,na,na,VxB540,na,networkTempSensor,na,540w10T1,na,na,na,na,na,4,na,na,na,na,na,na,22,hoc-vblk-vsn1.heartland.inc,na,na,10.3.32.10,na,na,hoc-vblk-vsn2.heartland.inc,na,na,na,na,na,na,na,na,module-1 Intake,operable,na,na,cevSensor15302701Temp,na,na,na,540w10T1 V76FN0516001,module-1 Intake,10.3.32.16,na,na,na,na,na,na,na,na,na,na,sensor,na,na,na,na,na,na,na,na,1480998563321,{},na,na,na,na,celsius,na,na,na,na,na,na,na,na,na,na,na,na,na,na,na,na,na,na,na,na,na,na,na,na,na,na,na,n
10.3.32.16-entPhysicalTable-21591,na,na,na,na,na,hoc-vblk-vsn1.heartland.inc,TRUE,1481000947525,na,false,na,operable,na,na,na,na,na,na,Dubuque IA,,na,na,na,na,na,na,na,na,na,na,1481605747525,na,na,Dubuque,na,10.3.32.8,Cisco Systems,na,VBLOCK,na,na,na,V76FN0516001,na,na,FALSE,na,datacenter1,10.3.32.16-entPhysicalTable-21591,3.5.0.0,na,,na,na,VxB540,na,networkTempSensor,na,540w10T1,na,na,na,na,na,2,na,na,na,na,na,na,22,hoc-vblk-vsn1.heartland.inc,na,na,10.3.32.10,na,na,hoc-vblk-vsn2.heartland.inc,na,na,na,na,na,na,na,na,module-1 Outlet,operable,na,na,cevSensor15302701Temp,na,na,na,540w10T1 V76FN0516001,module-1 Outlet,10.3.32.16,na,na,na,na,na,na,na,na,na,na,sensor,na,na,na,na,na,na,na,na,1480998563321,{},na,na,na,na,celsius,na,na,na,na,na,na,na,na,na,na,na,na,na,na,na,na,na,na,na,na,na,na,na,na,na,na,na,n
10.3.32.16-entPhysicalTable-4952,na,na,na,na,na,hoc-vblk-vsn1.heartland.inc,TRUE,1481000947457,na,false,na,operable,na,na,na,na,na,na,Dubuque IA,0,na,na,na,na,na,na,na,na,na,na,1481607271852,na,na,Dubuque,na,10.3.32.8,Cisco Systems,na,VBLOCK,na,na,na,V76FN0516001,na,na,na,na,datacenter1,10.3.32.16 Supervisor-1 Port-3,3.5.0.0,na,Sup-Port,0,na,VxB540,na,Port,na,540w10T1,na,na,na,na,na,na,na,na,na,na,na,na,na,hoc-vblk-vsn1.heartland.inc,na,0,10.3.32.10,na,na,hoc-vblk-vsn2.heartland.inc,na,na,na,na,na,na,0,2016-12-05T05:26:11.843Z,Supervisor-1 Port-3,operable,na,na,na,na,na,na,540w10T1 V76FN0516001,Supervisor-1 Port-3,10.3.32.16,na,na,na,na,na,notApplicable,na,SUPport,na,na,na,na,na,na,na,na,na,na,na,1481002200000,{},4295.0,up,2112.0,fcport,na,na,na,na,na,na,na,na,na,na,na,na,na,na,na,na,na,na,na,na,na,na,na,na,na,na,na,na,n
10.3.32.16-entPhysicalTable-4969,na,na,na,na,na,hoc-vblk-vsn1.heartland.inc,TRUE,1481000947501,na,false,na,operable,na,na,na,na,na,na,Dubuque IA,0,na,na,na,na,na,na,na,na,na,na,1481607271624,na,na,Dubuque,na,10.3.32.8,Cisco Systems,na,VBLOCK,na,na,na,V76FN0516001,na,na,na,na,datacenter1,10.3.32.16 Supervisor-1 Port-20,3.5.0.0,na,Sup-Port,0,na,VxB540,na,Port,na,540w10T1,na,na,na,na,na,na,na,na,na,na,na,na,na,hoc-vblk-vsn1.heartland.inc,na,0,10.3.32.10,na,na,hoc-vblk-vsn2.heartland.inc,na,na,na,na,na,na,0,2016-12-05T05:26:11.843Z,Supervisor-1 Port-20,inoperable,na,na,na,na,na,na,540w10T1 V76FN0516001,Supervisor-1 Port-20,10.3.32.16,na,na,na,na,na,notApplicable,na,SUPport,na,na,na,na,na,na,na,na,na,na,na,1481002200000,{},0.0,down,2112.0,fcport,na,na,na,na,na,na,na,na,na,na,na,na,na,na,na,na,na,na,na,na,na,na,na,na,na,na,na,na,n
10.3.32.16-entPhysicalTable-4971,na,na,na,na,na,hoc-vblk-vsn1.heartland.inc,TRUE,1481000947473,na,false,na,operable,na,na,na,na,na,na,Dubuque IA,0,na,na,na,na,na,na,na,na,na,na,1481607271650,na,na,Dubuque,na,10.3.32.8,Cisco Systems,na,VBLOCK,na,na,na,V76FN0516001,na,na,na,na,datacenter1,10.3.32.16 Supervisor-1 Port-22,3.5.0.0,na,Sup-Port,0,na,VxB540,na,Port,na,540w10T1,na,na,na,na,na,na,na,na,na,na,na,na,na,hoc-vblk-vsn1.heartland.inc,na,0,10.3.32.10,na,na,hoc-vblk-vsn2.heartland.inc,na,na,na,na,na,na,0,2016-12-05T05:26:11.843Z,Supervisor-1 Port-22,inoperable,na,na,na,na,na,na,540w10T1 V76FN0516001,Supervisor-1 Port-22,10.3.32.16,na,na,na,na,na,notApplicable,na,SUPport,na,na,na,na,na,na,na,na,na,na,na,1481002200000,{},0.0,down,2112.0,fcport,na,na,na,na,na,na,na,na,na,na,na,na,na,na,na,na,na,na,na,na,na,na,na,na,na,na,na,na,n
10.3.32.16-entPhysicalTable-4974,na,na,na,na,na,hoc-vblk-vsn1.heartland.inc,TRUE,1481000947459,na,false,na,operable,na,na,na,na,na,na,Dubuque IA,0,na,na,na,na,na,na,na,na,na,na,1481607271655,na,na,Dubuque,na,10.3.32.8,Cisco Systems,na,VBLOCK,na,na,na,V76FN0516001,na,na,na,na,datacenter1,10.3.32.16 Supervisor-1 Port-25,3.5.0.0,na,Sup-Port,0,na,VxB540,na,Port,na,540w10T1,na,na,na,na,na,na,na,na,na,na,na,na,na,hoc-vblk-vsn1.heartland.inc,na,0,10.3.32.10,na,na,hoc-vblk-vsn2.heartland.inc,na,na,na,na,na,na,0,2016-12-05T05:26:11.843Z,Supervisor-1 Port-25,inoperable,na,na,na,na,na,na,540w10T1 V76FN0516001,Supervisor-1 Port-25,10.3.32.16,na,na,na,na,na,notApplicable,na,SUPport,na,na,na,na,na,na,na,na,na,na,na,1481002200000,{},0.0,down,2112.0,fcport,na,na,na,na,na,na,na,na,na,na,na,na,na,na,na,na,na,na,na,na,na,na,na,na,na,na,na,na,n
10.3.32.16-entPhysicalTable-4986,na,na,na,na,na,hoc-vblk-vsn1.heartland.inc,TRUE,1481000947505,na,false,na,operable,na,na,na,na,na,na,Dubuque IA,0,na,na,na,na,na,na,na,na,na,na,1481607271680,na,na,Dubuque,na,10.3.32.8,Cisco Systems,na,VBLOCK,na,na,na,V76FN0516001,na,na,na,na,datacenter1,10.3.32.16 Supervisor-1 Port-37,3.5.0.0,na,Sup-Port,0,na,VxB540,na,Port,na,540w10T1,na,na,na,na,na,na,na,na,na,na,na,na,na,hoc-vblk-vsn1.heartland.inc,na,0,10.3.32.10,na,na,hoc-vblk-vsn2.heartland.inc,na,na,na,na,na,na,0,2016-12-05T05:26:11.843Z,Supervisor-1 Port-37,inoperable,na,na,na,na,na,na,540w10T1 V76FN0516001,Supervisor-1 Port-37,10.3.32.16,na,na,na,na,na,notApplicable,na,SUPport,na,na,na,na,na,na,na,na,na,na,na,1481002200000,{},0.0,down,2112.0,fcport,na,na,na,na,na,na,na,na,na,na,na,na,na,na,na,na,na,na,na,na,na,na,na,na,na,na,na,na,n
10.3.32.16-entPhysicalTable-4981,na,na,na,na,na,hoc-vblk-vsn1.heartland.inc,TRUE,1481000947427,na,false,na,operable,na,na,na,na,na,na,Dubuque IA,0,na,na,na,na,na,na,na,na,na,na,1481607271671,na,na,Dubuque,na,10.3.32.8,Cisco Systems,na,VBLOCK,na,na,na,V76FN0516001,na,na,na,na,datacenter1,10.3.32.16 Supervisor-1 Port-32,3.5.0.0,na,Sup-Port,0,na,VxB540,na,Port,na,540w10T1,na,na,na,na,na,na,na,na,na,na,na,na,na,hoc-vblk-vsn1.heartland.inc,na,0,10.3.32.10,na,na,hoc-vblk-vsn2.heartland.inc,na,na,na,na,na,na,0,2016-12-05T05:26:11.843Z,Supervisor-1 Port-32,inoperable,na,na,na,na,na,na,540w10T1 V76FN0516001,Supervisor-1 Port-32,10.3.32.16,na,na,na,na,na,notApplicable,na,SUPport,na,na,na,na,na,na,na,na,na,na,na,1481002200000,{},0.0,down,2112.0,fcport,na,na,na,na,na,na,na,na,na,na,na,na,na,na,na,na,na,na,na,na,na,na,na,na,na,na,na,na,n
10.3.32.16-entPhysicalTable-4964,na,na,na,na,na,hoc-vblk-vsn1.heartland.inc,TRUE,1481000947503,na,false,na,operable,na,na,na,na,na,na,Dubuque IA,0,na,na,na,na,na,na,na,na,na,na,1481607271587,na,na,Dubuque,na,10.3.32.8,Cisco Systems,na,VBLOCK,na,na,na,V76FN0516001,na,na,na,na,datacenter1,10.3.32.16 Supervisor-1 Port-15,3.5.0.0,na,Sup-Port,0,na,VxB540,na,Port,na,540w10T1,na,na,na,na,na,na,na,na,na,na,na,na,na,hoc-vblk-vsn1.heartland.inc,na,0,10.3.32.10,na,na,hoc-vblk-vsn2.heartland.inc,na,na,na,na,na,na,0,2016-12-05T05:26:11.843Z,Supervisor-1 Port-15,inoperable,na,na,na,na,na,na,540w10T1 V76FN0516001,Supervisor-1 Port-15,10.3.32.16,na,na,na,na,na,notApplicable,na,SUPport,na,na,na,na,na,na,na,na,na,na,na,1481002200000,{},0.0,down,2112.0,fcport,na,na,na,na,na,na,na,na,na,na,na,na,na,na,na,na,na,na,na,na,na,na,na,na,na,na,na,na,n
10.3.32.16-entPhysicalTable-4993,na,na,na,na,na,hoc-vblk-vsn1.heartland.inc,TRUE,1481000947475,na,false,na,operable,na,na,na,na,na,na,Dubuque IA,0,na,na,na,na,na,na,na,na,na,na,1481607271694,na,na,Dubuque,na,10.3.32.8,Cisco Systems,na,VBLOCK,na,na,na,V76FN0516001,na,na,na,na,datacenter1,10.3.32.16 Supervisor-1 Port-44,3.5.0.0,na,Sup-Port,0,na,VxB540,na,Port,na,540w10T1,na,na,na,na,na,na,na,na,na,na,na,na,na,hoc-vblk-vsn1.heartland.inc,na,0,10.3.32.10,na,na,hoc-vblk-vsn2.heartland.inc,na,na,na,na,na,na,0,2016-12-05T05:26:11.843Z,Supervisor-1 Port-44,inoperable,na,na,na,na,na,na,540w10T1 V76FN0516001,Supervisor-1 Port-44,10.3.32.16,na,na,na,na,na,notApplicable,na,SUPport,na,na,na,na,na,na,na,na,na,na,na,1481002200000,{},0.0,down,2112.0,fcport,na,na,na,na,na,na,na,na,na,na,na,na,na,na,na,na,na,na,na,na,na,na,na,na,na,na,na,na,n
10.3.32.16-entPhysicalTable-4957,na,na,na,na,na,hoc-vblk-vsn1.heartland.inc,TRUE,1481000947439,na,false,na,operable,na,na,na,na,na,na,Dubuque IA,0,na,na,na,na,na,na,na,na,na,na,1481607271581,na,na,Dubuque,na,10.3.32.8,Cisco Systems,na,VBLOCK,na,na,na,V76FN0516001,na,na,na,na,datacenter1,10.3.32.16 Supervisor-1 Port-8,3.5.0.0,na,Sup-Port,0,na,VxB540,na,Port,na,540w10T1,na,na,na,na,na,na,na,na,na,na,na,na,na,hoc-vblk-vsn1.heartland.inc,na,0,10.3.32.10,na,na,hoc-vblk-vsn2.heartland.inc,na,na,na,na,na,na,0,2016-12-05T05:26:11.843Z,Supervisor-1 Port-8,operable,na,na,na,na,na,na,540w10T1 V76FN0516001,Supervisor-1 Port-8,10.3.32.16,na,na,na,na,na,notApplicable,na,SUPport,na,na,na,na,na,na,na,na,na,na,na,1481002200000,{},4295.0,up,2112.0,fcport,na,na,na,na,na,na,na,na,na,na,na,na,na,na,na,na,na,na,na,na,na,na,na,na,na,na,na,na,n
10.3.32.16-entPhysicalTable-4967,na,na,na,na,na,hoc-vblk-vsn1.heartland.inc,TRUE,1481000947497,na,false,na,operable,na,na,na,na,na,na,Dubuque IA,0,na,na,na,na,na,na,na,na,na,na,1481607271593,na,na,Dubuque,na,10.3.32.8,Cisco Systems,na,VBLOCK,na,na,na,V76FN0516001,na,na,na,na,datacenter1,10.3.32.16 Supervisor-1 Port-18,3.5.0.0,na,Sup-Port,0,na,VxB540,na,Port,na,540w10T1,na,na,na,na,na,na,na,na,na,na,na,na,na,hoc-vblk-vsn1.heartland.inc,na,0,10.3.32.10,na,na,hoc-vblk-vsn2.heartland.inc,na,na,na,na,na,na,0,2016-12-05T05:26:11.843Z,Supervisor-1 Port-18,inoperable,na,na,na,na,na,na,540w10T1 V76FN0516001,Supervisor-1 Port-18,10.3.32.16,na,na,na,na,na,notApplicable,na,SUPport,na,na,na,na,na,na,na,na,na,na,na,1481002200000,{},0.0,down,2112.0,fcport,na,na,na,na,na,na,na,na,na,na,na,na,na,na,na,na,na,na,na,na,na,na,na,na,na,na,na,na,n
10.3.32.16-entPhysicalTable-279,na,na,na,na,na,hoc-vblk-vsn1.heartland.inc,TRUE,1481000947587,na,false,na,operable,na,na,na,na,na,na,Dubuque IA,na,na,na,na,na,na,na,na,na,na,na,1481605747587,na,na,Dubuque,na,10.3.32.8,Cisco Systems,na,VBLOCK,na,na,na,V76FN0516001,na,na,FALSE,na,datacenter1,10.3.32.16-entPhysicalTable-279,3.5.0.0,na,PowerSupplyBay-2,na,na,VxB540,na,powersupplybay,na,540w10T1,na,na,na,na,na,3,na,na,na,na,na,na,149,hoc-vblk-vsn1.heartland.inc,na,na,10.3.32.10,na,na,hoc-vblk-vsn2.heartland.inc,na,na,na,na,na,na,na,na,PowerSupplyBay-2,operable,na,na,cevPowerSupplyDSC48S300AC,na,na,na,540w10T1 V76FN0516001,PowerSupplyBay-2,10.3.32.16,na,na,na,na,na,na,na,na,na,na,container,na,na,na,na,na,na,na,na,1480998563321,{},na,na,na,na,na,na,na,na,na,na,na,na,na,na,na,na,na,na,na,na,na,na,na,na,na,na,na,na,na,na,na,na,n
10.3.32.16-entPhysicalTable-471,na,na,na,na,na,hoc-vblk-vsn1.heartland.inc,TRUE,1481000947539,na,false,na,operable,na,na,na,na,na,na,Dubuque IA,QCS19282L07,na,na,na,na,na,na,na,na,na,na,1481607079233,na,na,Dubuque,na,10.3.32.8,na,na,VBLOCK,na,na,na,V76FN0516001,na,na,na,na,datacenter1,QCS19282L07,3.5.0.0,na,DS-C48S-300AC,na,na,VxB540,na,psu,na,540w10T1,na,na,na,na,na,na,na,na,na,na,na,na,na,hoc-vblk-vsn1.heartland.inc,na,na,10.3.32.10,na,na,hoc-vblk-vsn2.heartland.inc,na,na,na,na,na,na,na,na,PowerSupply-2,operable,na,na,na,na,na,na,540w10T1 V76FN0516001,300.00W 110v AC PS-2,10.3.32.16,na,na,na,na,na,na,na,0,na,na,na,na,na,na,na,na,na,na,na,1481002200000,{},na,na,na,na,na,0,0,0,0,0,0,0,0,0,0,0,0,0,0,0,0,0.0,0,0,0,0,0,0,0,0,na,na,n
10.3.32.16-entPhysicalTable-343,na,na,na,na,na,hoc-vblk-vsn1.heartland.inc,TRUE,1481000947594,na,false,na,operable,na,na,na,na,na,na,Dubuque IA,na,na,na,na,na,na,na,na,na,na,na,1481605747594,na,na,Dubuque,na,10.3.32.8,na,na,VBLOCK,na,na,na,V76FN0516001,na,na,na,na,datacenter1,10.3.32.16 FanBay-2,3.5.0.0,na,FanBay-2,na,na,VxB540,na,fanbay,na,540w10T1,na,na,na,na,na,na,na,na,na,na,na,na,na,hoc-vblk-vsn1.heartland.inc,na,na,10.3.32.10,na,na,hoc-vblk-vsn2.heartland.inc,na,na,na,na,na,na,na,na,na,operable,na,na,na,na,na,na,540w10T1 V76FN0516001,na,10.3.32.16,na,na,na,na,na,na,na,na,na,na,na,na,na,na,na,na,na,na,na,1480998563321,{},na,na,na,na,na,na,0,0,0,na,na,0,na,na,na,na,na,na,na,na,na,na,na,na,na,na,na,na,na,na,na,na,n
10.3.32.16-entPhysicalTable-535,na,na,na,na,na,hoc-vblk-vsn1.heartland.inc,TRUE,1481000947530,na,false,na,operable,na,na,na,na,na,na,Dubuque IA,na,na,na,na,na,na,na,na,na,na,na,1481605747530,na,na,Dubuque,na,10.3.32.8,na,na,VBLOCK,na,na,na,V76FN0516001,na,na,na,na,datacenter1,10.3.32.16 Fan Module-2,3.5.0.0,na,Generic 1RU Fan,na,na,VxB540,na,fan,na,540w10T1,na,na,na,na,na,na,na,na,na,na,na,na,na,hoc-vblk-vsn1.heartland.inc,na,na,10.3.32.10,na,na,hoc-vblk-vsn2.heartland.inc,na,na,na,na,na,na,na,na,Fan Module-2,operable,na,na,na,na,na,na,540w10T1 V76FN0516001,na,10.3.32.16,na,na,na,na,na,na,na,na,na,na,na,na,na,na,na,na,na,na,na,1480998563321,{},0,na,na,na,na,na,na,na,na,na,na,na,na,na,na,na,na,na,na,na,na,na,na,na,na,na,na,na,na,na,0,0,
10.3.32.16-entPhysicalTable-278,na,na,na,na,na,hoc-vblk-vsn1.heartland.inc,TRUE,1481000947585,na,false,na,operable,na,na,na,na,na,na,Dubuque IA,na,na,na,na,na,na,na,na,na,na,na,1481605747585,na,na,Dubuque,na,10.3.32.8,Cisco Systems,na,VBLOCK,na,na,na,V76FN0516001,na,na,FALSE,na,datacenter1,10.3.32.16-entPhysicalTable-278,3.5.0.0,na,PowerSupplyBay-1,na,na,VxB540,na,powersupplybay,na,540w10T1,na,na,na,na,na,2,na,na,na,na,na,na,149,hoc-vblk-vsn1.heartland.inc,na,na,10.3.32.10,na,na,hoc-vblk-vsn2.heartland.inc,na,na,na,na,na,na,na,na,PowerSupplyBay-1,operable,na,na,cevPowerSupplyDSC48S300AC,na,na,na,540w10T1 V76FN0516001,PowerSupplyBay-1,10.3.32.16,na,na,na,na,na,na,na,na,na,na,container,na,na,na,na,na,na,na,na,1480998563321,{},na,na,na,na,na,na,na,na,na,na,na,na,na,na,na,na,na,na,na,na,na,na,na,na,na,na,na,na,na,na,na,na,n
10.3.32.16-entPhysicalTable-470,na,na,na,na,na,hoc-vblk-vsn1.heartland.inc,TRUE,1481000947537,na,false,na,operable,na,na,na,na,na,na,Dubuque IA,QCS19322LFY,na,na,na,na,na,na,na,na,na,na,1481607079135,na,na,Dubuque,na,10.3.32.8,na,na,VBLOCK,na,na,na,V76FN0516001,na,na,na,na,datacenter1,QCS19322LFY,3.5.0.0,na,DS-C48S-300AC,na,na,VxB540,na,psu,na,540w10T1,na,na,na,na,na,na,na,na,na,na,na,na,na,hoc-vblk-vsn1.heartland.inc,na,na,10.3.32.10,na,na,hoc-vblk-vsn2.heartland.inc,na,na,na,na,na,na,na,na,PowerSupply-1,operable,na,na,na,na,na,na,540w10T1 V76FN0516001,300.00W 110v AC PS-1,10.3.32.16,na,na,na,na,na,na,na,0,na,na,na,na,na,na,na,na,na,na,na,1481002200000,{},na,na,na,na,na,0,0,0,0,0,0,0,0,0,0,0,0,0,0,0,0,0.0,0,0,0,0,0,0,0,0,na,na,n
10.3.32.16-entPhysicalTable-342,na,na,na,na,na,hoc-vblk-vsn1.heartland.inc,TRUE,1481000947595,na,false,na,operable,na,na,na,na,na,na,Dubuque IA,na,na,na,na,na,na,na,na,na,na,na,1481605747595,na,na,Dubuque,na,10.3.32.8,na,na,VBLOCK,na,na,na,V76FN0516001,na,na,na,na,datacenter1,10.3.32.16 FanBay-1,3.5.0.0,na,FanBay-1,na,na,VxB540,na,fanbay,na,540w10T1,na,na,na,na,na,na,na,na,na,na,na,na,na,hoc-vblk-vsn1.heartland.inc,na,na,10.3.32.10,na,na,hoc-vblk-vsn2.heartland.inc,na,na,na,na,na,na,na,na,na,operable,na,na,na,na,na,na,540w10T1 V76FN0516001,na,10.3.32.16,na,na,na,na,na,na,na,na,na,na,na,na,na,na,na,na,na,na,na,1480998563321,{},na,na,na,na,na,na,0,0,0,na,na,0,na,na,na,na,na,na,na,na,na,na,na,na,na,na,na,na,na,na,na,na,n
10.3.32.16-entPhysicalTable-534,na,na,na,na,na,hoc-vblk-vsn1.heartland.inc,TRUE,1481000947531,na,false,na,operable,na,na,na,na,na,na,Dubuque IA,na,na,na,na,na,na,na,na,na,na,na,1481605747531,na,na,Dubuque,na,10.3.32.8,na,na,VBLOCK,na,na,na,V76FN0516001,na,na,na,na,datacenter1,10.3.32.16 Fan Module-1,3.5.0.0,na,Generic 1RU Fan,na,na,VxB540,na,fan,na,540w10T1,na,na,na,na,na,na,na,na,na,na,na,na,na,hoc-vblk-vsn1.heartland.inc,na,na,10.3.32.10,na,na,hoc-vblk-vsn2.heartland.inc,na,na,na,na,na,na,na,na,Fan Module-1,operable,na,na,na,na,na,na,540w10T1 V76FN0516001,na,10.3.32.16,na,na,na,na,na,na,na,na,na,na,na,na,na,na,na,na,na,na,na,1480998563321,{},0,na,na,na,na,na,na,na,na,na,na,na,na,na,na,na,na,na,na,na,na,na,na,na,na,na,na,na,na,na,0,0,
